<?xml version="1.0" encoding="UTF-8" ?>
<Configuration  status="WARN">
    <Properties>
        <Property name="file_pattern">
            %d{yyyy-MM-dd HH:mm:ss} [%t] %-5level %logger{5}- %msg%n
        </Property>
        <Property name="console_pattern">
            %d{ABSOLUTE} %-5level %logger{1} - %msg%n
        </Property>
    </Properties>
    <Appenders>
        <Console name="Console" target="SYSTEM_OUT">
            <PatternLayout pattern="${console_pattern}"></PatternLayout>
        </Console>
        <File name="TxtFile" fileName="logs/text.log" bufferedIO="true">
            <PatternLayout pattern="${file_pattern}"></PatternLayout>
        </File>
    </Appenders>
    <Loggers>
        <Root level="DEBUG">
            <AppenderRef ref="TxtFile" level="INFO">
            </AppenderRef>
            <AppenderRef ref="Console" level="INFO">

            </AppenderRef>
        </Root>
    </Loggers>
</Configuration>